{
    "accuracy": [
        0.4235420823097229,
        0.48641112446784973,
        0.5070505738258362,
        0.5194511413574219,
        0.5305631160736084,
        0.540534257888794,
        0.5478647351264954,
        0.5563043355941772,
        0.5617546439170837,
        0.5687682628631592,
        0.5712610483169556,
        0.5767747759819031,
        0.5806935429573059,
        0.5849714279174805,
        0.5877810716629028,
        0.5929884910583496,
        0.5934532284736633,
        0.5970023274421692,
        0.5987240076065063,
        0.6031603813171387
    ],
    "loss": [
        2.047551393508911,
        1.7195720672607422,
        1.6380099058151245,
        1.5801523923873901,
        1.533529281616211,
        1.4949955940246582,
        1.4616284370422363,
        1.4326435327529907,
        1.4058564901351929,
        1.3827563524246216,
        1.3676222562789917,
        1.3483848571777344,
        1.32988440990448,
        1.3169357776641846,
        1.3005427122116089,
        1.2908955812454224,
        1.2777175903320312,
        1.267532229423523,
        1.2541000843048096,
        1.2461613416671753
    ],
    "val_accuracy": [
        0.4979509115219116,
        0.5202585458755493,
        0.5254129767417908,
        0.542946457862854,
        0.5503401160240173,
        0.5616629123687744,
        0.5680425763130188,
        0.5771684646606445,
        0.5839283466339111,
        0.5799991488456726,
        0.5972791314125061,
        0.5987578630447388,
        0.5968143939971924,
        0.6056445240974426,
        0.6107566952705383,
        0.6095314621925354,
        0.6073344945907593,
        0.6104609370231628,
        0.6174743175506592,
        0.6175588369369507
    ],
    "val_loss": [
        1.6558283567428589,
        1.5689866542816162,
        1.5249234437942505,
        1.460870623588562,
        1.4376592636108398,
        1.3894928693771362,
        1.3693525791168213,
        1.3338655233383179,
        1.3040685653686523,
        1.314332127571106,
        1.2655918598175049,
        1.2509433031082153,
        1.243707537651062,
        1.230386734008789,
        1.2151031494140625,
        1.2135257720947266,
        1.2035179138183594,
        1.199984073638916,
        1.1784517765045166,
        1.1941167116165161
    ]
}